﻿Projects,Status,Priority,Sprint,Created,Assigned members,Completed on,DOD,Due date,Story/Effort Points
Wire-frames of the screens,Awaiting QA,P1 🔥,Sprint 1,"Aug 3, 2020 5:59 PM",Daniel,"Aug 5, 2020 7:00 AM","All potential screens designed with basic layout, approved by team members","Aug 5, 2020",3 hrs
Design of back-end system/database,Awaiting QA,P1 🔥,Sprint 1,"Aug 3, 2020 5:59 PM",Danny,"Aug 5, 2020 5:00 PM","System designed to specifications, UML diagram for all classes","Aug 5, 2020",3 hrs
Back-end Skeleton Coding,Awaiting QA,P2,Sprint 1,"Aug 3, 2020 6:00 PM","Danny, Joshua","Aug 9, 2020 10:00 PM","Adheres to the Back-End System/Database design, and builds and compiles successfully.","Aug 7, 2020",8 hrs
Registration API - Customer,Awaiting QA,P3,Sprint 1,"Aug 3, 2020 6:02 PM",Joshua,"Aug 13, 2020 11:00 AM","Passes acceptance tests for [data storage of new account], validation for registration","Aug 12, 2020",5hrs
Login UI - Admin,Awaiting QA,P3,Sprint 1,"Aug 3, 2020 6:00 PM",Muhammad,"Aug 13, 2020","Has username box, password box, submit button","Aug 12, 2020",5hrs
Login API,Awaiting QA,P3,Sprint 1,"Aug 3, 2020 6:02 PM",Austin,,"Code reviewed by back-end team members, No bugs, code compiles, acceptance criteria are met, validation for login","Aug 14, 2020",8 hrs
Registration UI - Customer,Awaiting QA,P4,Sprint 1,"Aug 3, 2020 6:00 PM",Daniel,,"[Forms accepting name, username, email, password], submit button,","Aug 12, 2020",4 hrs
Login UI - Customer,Awaiting QA,P4,Sprint 1,"Aug 3, 2020 6:45 PM",Muhammad,,"Has username box, password box, submit button, login or signup(register option)","Aug 12, 2020",5hrs
Task 🔨,,,,"Jul 27, 2020 5:57 PM",,,,,
Bug 🐞,,,,"Jul 27, 2020 5:57 PM",,,,,
Project Spec 🗺,,,,"Jul 27, 2020 5:57 PM",,,,,